language,instance_id,eval_log_present,resolved,turns,resolved_turns,log_blob_sha,trajectory_blob_sha
python,humanevalfix-python-0,True,True,5,5,c3ab2251753824b9db8361b14e78c0a757f677a1,c52a310f6f0af22feb9e91067c4ab1041de847b5
python,humanevalfix-python-1,True,True,5,5,0c444462932c9f9dd3d2e959d36e85d5603ffbcf,f88c13765fdbf2d0c8ced4043b92284d18075d73
python,humanevalfix-python-10,True,True,6,6,5333768fbabdb8f2c1f5281c5f9ecf7c3fb38102,b83205b87da2dc2b05610dd1e13512eca8a07417
python,humanevalfix-python-100,True,False,8,,ca55c72c12fcc76392d9fae136fd282e3d6ea06f,b7619396eb094a62cae7ac6b13717e005df5511d
python,humanevalfix-python-101,True,True,5,5,1d5378267ee6899f0389f7f1c518429dfd15e5e6,0545bb7994fb282ebcff6859b7527299c350a36a
python,humanevalfix-python-102,True,True,5,5,2d937f76ea277b23e66e0dce90c836a8317e8531,9e3c647a4a1f00ee239065e82ecb390929823cae
python,humanevalfix-python-103,True,True,5,5,f99cfbd62547d52402fef5da83a935430987af20,dbfd608ed87bd5e9ce64aa8f3e7b9b472b3e1d82
python,humanevalfix-python-104,True,True,6,6,6135205c17908ccf13271e250136a5382e53ef80,e4e3f79dcbe8a71027036c1a253e48d1023a1243
python,humanevalfix-python-105,True,True,5,5,5b47a8356428145e94056437e834293f1e4a1acf,1aacae6cc665e118f4b5273afa865ec604775e94
python,humanevalfix-python-106,True,True,5,5,50d07d9bbc1942ee6f7e520a40597ef3148353bf,481cf486ede6e8cec3fabae857025cf4f98391c4
python,humanevalfix-python-107,True,True,6,6,a2dd2612161e31317b06c4ac39c51e4a7ca49009,cb7a787e943fe9a62c7cd8ec9112b0e18328ef71
python,humanevalfix-python-108,True,True,6,6,bfd5e8d1c5b44ce790dec516f106940557f41369,9f905f2d5c2c3d11f0dc230ab5b903e18fdf23f0
python,humanevalfix-python-109,True,True,7,7,da2d51fb144252e9ba120db2befa251c327ca41c,f91292d908a770c211cca025ebe9335f8c569897
python,humanevalfix-python-11,True,True,5,5,584af2b06ecdb3a88bef5335330863524e43bc83,76e644318255bddb01315d03668fc98c86de8551
python,humanevalfix-python-110,True,True,5,5,0c2e7140cc82641822111ed0eda68da92bc18bfb,0e8949b99713213fced93df60a331bd27d30d43a
python,humanevalfix-python-111,True,True,8,8,f2f21d84d4af54ab8aeb7d7ffa4a711d08beaf81,5d72c52ef91d26f187ad83b6bdfa7bdca65be21b
python,humanevalfix-python-112,True,True,5,5,c3898c80871a4276e9884f9a144bc2aebc73ca0c,fef533c09fea7bd888e36e28b1f1deb8fb8e4abf
python,humanevalfix-python-113,True,False,6,,4b5a41a965e7217cc8af1edb5f8b40652235b051,f66200fa07fc72a6fe656f3448d204a6b5d87fd4
python,humanevalfix-python-114,True,True,6,6,4743c8e1263f93968c340709516ac26c4b913f59,a438dd963741417c131dc0d66a13e5b54a6d2354
python,humanevalfix-python-115,True,True,5,5,8486efb780759aa1b389b2840ecf15691d7f0b9f,bf1d0a6dd5beceb558445dc1f551529462675e3c
python,humanevalfix-python-116,True,True,10,10,aad880df411aa0efdc18f86f6e045989c0dec882,55212888a6b868fccfa0a31b275fd1842af09203
python,humanevalfix-python-117,True,True,5,5,25331a6b1e161238b365efca65958c99715742c2,a744e86db11fc872aca5748f35005cdf78598bc6
python,humanevalfix-python-118,True,True,8,8,becbcb8110874164282a409d2b2b2aa2e386b35e,6cb72c1fe4fda2bbb2186fa7cba452ca7c0d9dcc
python,humanevalfix-python-119,True,True,6,6,c39c6a4474cfb35cbbb66bcdaa2395a631bb9b9b,bff8ae4c531dc2a2482cd868db65e56eda3e1173
python,humanevalfix-python-12,True,True,5,5,8be8fd8f31a70089f998f2e58ce3c47bc222c98a,e1b84c145391db82a904b15b99eec6cfe5f0d99f
python,humanevalfix-python-120,True,False,10,,ef6e7d05ac683ea59c78ab97051027cbf46865d1,9e740164345eb4be9e58ca7679842468107a2713
python,humanevalfix-python-121,True,True,5,5,5ff8fe91397eecb8c919fcdc416dad6df9756f0b,4c0127b82f9d1210151f81221153c9c2f468d40a
python,humanevalfix-python-122,True,True,5,5,b4236f36cdf3946e1d9f8fdba8f7472cfe1ec556,6b4de99734a44f7ba76750308788ec3e617daa46
python,humanevalfix-python-123,True,True,5,5,0844ca65ab20a45243e9b47f91f2a9e356923dc6,b8c46f0f3124a6ee0e7ef677d0b43afbd7aba676
python,humanevalfix-python-124,True,True,14,14,866929e07f624b55a87b6f1b298b5f8dd374a62c,b9c353026d9c6a40f6950dca12ae8512aca44975
python,humanevalfix-python-125,True,False,5,,b5be81f0baab3b9c365b9e9731ee551d39eb0af3,386af0d8f4fc192d6b2c7e49343530c973cf3bf1
python,humanevalfix-python-126,True,False,9,,9072aaf2fe88192ea1d710b3271fc1176841b2dd,93bd279a7dbb3dfcd0d2989e5f083ee36901700d
python,humanevalfix-python-127,True,False,6,,9e6f0a3d6849deba6838f7bb8e92d59a4ee8060e,802883214a8b7d6ba4c82938ea10c4bef8148bac
python,humanevalfix-python-128,True,True,5,5,d43fe24b3a8eadf3db34dbd5f56971036931c159,fc06526166abe93556c8b1f8b4ec789e59381b4d
python,humanevalfix-python-129,True,True,5,5,d2ac19505219a1a765a6e72f429ef70e62232dfc,5e505a3e4f29dcce5444c711ad20974a6e547827
python,humanevalfix-python-13,True,True,5,5,4f4ff377e202ca82878785792b129b48d74bf0e9,ff3ea9b7cbff48a39531955cd647b69974508c85
python,humanevalfix-python-130,True,False,6,,06f82fd35619e5af8ee13f1ad116d37798fe52db,7ad7c3d54affbece73f6168f2c1129d5ee8a1611
python,humanevalfix-python-131,True,True,5,5,e01a9a669b59b4d834f0f1f6e501daa9fad60c01,a2f271ad8e54e99443ed21cb87b677fa71728d3a
python,humanevalfix-python-132,True,True,5,5,f481afe9ff46c1e9641e597279d7e648146b4380,b7bb534e0e838ec59d2c2561f9feb5f0f3395686
python,humanevalfix-python-133,True,True,5,5,0550b0213243104a47dcda8812d8a88276ad67fc,1584000c502889ab67d928db65b8af5e2b1cb2bf
python,humanevalfix-python-134,True,False,7,,6e09aeee8e5313927cddea1aeb5f07c2bae48dec,490d8d9f24eea6afb6b518bcb50b9f92927e7590
python,humanevalfix-python-135,False,False,40,,,c5788d429a83e35cd314c079a7357e69cf461bab
python,humanevalfix-python-136,True,True,8,8,e778cec394d9595123ae82342ea5632a6a9df475,c7079babcd4c4f2beb51f5d6b67a678e4d5a1e80
python,humanevalfix-python-137,True,True,6,6,86bbc75aa1835f91c027da63f819989db74f729c,56cdf67f151a7a6353c05409176542b0f82ccbf4
python,humanevalfix-python-138,True,True,5,5,43a39b2922a8123ca948aaeda820bf918c6246d1,8d8dad93519a7170a20c7b2066d5e5ee03bb739b
python,humanevalfix-python-139,True,True,5,5,e97d65a4d0514d416fa76e36f89c84c4542c8b8f,c2fdbeccf9b00d7c00312696e566d18b5e8fac73
python,humanevalfix-python-14,True,True,5,5,7feaca6759e0eb8255bb18dd5cc03af25e53155b,a9ae28b26e9038327df6e907f350aaef7be60ff8
python,humanevalfix-python-140,True,True,9,9,9b53318034bdff8af28b5a836b234780d998b387,d37c7ab8dfa8d1c3ab397a36b4c8c66b6115e2ad
python,humanevalfix-python-141,True,True,9,9,8539c69e689fbfa3185b4cc32087fbb6c87e28ba,5609aa0c62dd36f7c1d840a698c4e0588cee19bc
python,humanevalfix-python-142,True,True,5,5,5b31dfab7675d98e8b07d6b97fa34e04f220d6ec,7383bc4192c972ebc8a64c44162e52805a14f937
python,humanevalfix-python-143,True,True,18,18,4e6a15070aff730dcf1bf7a0d490410ab4c13388,a75c139408f5f83374546961134da92b1fd01643
python,humanevalfix-python-144,True,True,12,12,f2a5e624680ca227f5bc1cd2859d8d040e261aea,217a64f886b28de321470b66836020de8ae65015
python,humanevalfix-python-145,True,True,5,5,060fd934238e9159f86edbbda825eb77779d6f33,2fac353cd7d60b5b06b58aa13ab227af64add9f6
python,humanevalfix-python-146,True,True,6,6,24222c8e3c57ea254f1d5184a3caf87fc684b685,aeddc149e1a35bc98c6a6bd36b1711102238cc94
python,humanevalfix-python-147,True,True,16,16,4b494fe3b2843b2db1b5faec43768c71a0bef3d1,0e4d888739a11ae047820296e4a4d68d93057338
python,humanevalfix-python-148,True,True,5,5,c99a29a5f0086bcf6cb1804815bea05eb7a68a54,05fddc1fc48b138f40071406a3a3364fa7b1d0ff
python,humanevalfix-python-149,True,True,5,5,eeff4cc2f2237abaa73c751e51b629fc818fd12a,6e53d901e7b0a51ef07ca3af44cf5c368ba8c98f
python,humanevalfix-python-15,True,True,5,5,17a6bbdb6dff531424eafb33c6c3014e10a1aca1,e038a5de5f7ebbb1600272ebf72980956a2597d1
python,humanevalfix-python-150,True,True,5,5,cf0a931241a96f026d01117328976f751373e68d,16a9b17231fa981de5bdbb425bec0ac71d962e94
python,humanevalfix-python-151,True,False,5,,5bf587ddb6e6f8f2e92db180a8250e1cb3aea1bb,9d215d8f55c3eba0311147a3bbf12c03721e3a7c
python,humanevalfix-python-152,True,True,5,5,d55038ec18f88e42cce3548a84ba0b58e73e3267,7d385f99f0397895ce58fda02b6f50d2b1169872
python,humanevalfix-python-153,True,True,6,6,94c068442a7e64f306e3e7373372d18f2a589432,8bcde59c925ede2d3d5cac98c2840ccef01908a6
python,humanevalfix-python-154,True,True,9,9,80eadb3e57e57f10df82e39a5ffc9e0b8dabe440,062696a49d71b344c91b7d13990bb62e8461f3dc
python,humanevalfix-python-155,True,True,5,5,d3475144cd50b8f830fd03ff77205519d42d4923,cd37006f02bb96135c70c1a6b3027e32c94282db
python,humanevalfix-python-156,True,True,9,9,db55bf72f62a0594deae83455aa95cdf307b2591,463aaf1a3ba836aa173249da8312f3aedf2a4df1
python,humanevalfix-python-157,True,True,5,5,d59ac9159faceffa33744146eed93c5f917faed3,6c0a4f86f522041945237f0dbd321dc7e7714394
python,humanevalfix-python-158,True,True,5,5,6130eee51e56ea2fed20732824a75e8eae1fd41c,9172420e782356ee9ba6944079b6d40711c42f8e
python,humanevalfix-python-159,True,True,5,5,2bb019f7f4d0516092ba29ce4df32412726aae7a,97e7a2659ab5d3447df8a8e7080ca34453b96aa2
python,humanevalfix-python-16,True,True,13,13,761ec248cfd74cfabec420d20b3460284c4f95bb,b8a1465897b5fd25b11fa8967087cde9e6cfea89
python,humanevalfix-python-160,True,True,9,9,ca02f4baf128471f98bccae678db30b193c029b9,f85964da07205e5297dc302bce631d825f6ac499
python,humanevalfix-python-161,True,True,5,5,a4d46173d7c7d1d6048495b2b097537e5221e3d6,40624a831b047d4d8568312dd344ebe643fc25c8
python,humanevalfix-python-162,True,True,5,5,0455de55e9728f9580575c44eca68833103d2667,9f354c95461ff36fc9bfce82a88836c5c0f10dee
python,humanevalfix-python-163,True,False,19,,4ac14ac19688535ffa9b54959e23ec9995b10496,f7224d6117e83c9e7cc21a1810380b0e01515769
python,humanevalfix-python-17,True,True,5,5,3e5945ea9a67790546bf8beb64a7cb1d9f2d6b23,0ce57b1706ef260bec30197bd6f5796e744b40fe
python,humanevalfix-python-18,True,True,5,5,d446f00c3ba764be39505590f1c4da47e63ecbd5,d830ab2c2f61e32c8015e878eaf6175ce392ea10
python,humanevalfix-python-19,True,False,5,,af931dce782447b6f979b5c6609fd8d64b546b81,048b864d24d79181c5b598105c0e1d15ab663874
python,humanevalfix-python-2,True,True,5,5,15a4b64dbf0da5b71f440fd9b0bffaab22652a3a,18d5f6131f76ca980bfedbe51cc18681e4a09349
python,humanevalfix-python-20,True,True,5,5,33825c64da8334d26c0d8c569ec288551081b4c7,340104866bdecb0deddd48dcbf49de24b2448d4a
python,humanevalfix-python-21,True,True,5,5,e0c0db884a088061ad6e7f3f61f60d67daa1a23b,1c70e0c9efa738438529cd6b4909eea0a1967dcf
python,humanevalfix-python-22,True,True,5,5,08178be079f4efd9678b728afb1ddd191d4daced,69dce67ca0d90bd70337ace4069fa3d539edf72f
python,humanevalfix-python-23,True,True,5,5,0ec69ea0a6509530298ebe0027591cc187d850f4,beaba88c601c09d416c0c9e6fd863ab8b141c4f9
python,humanevalfix-python-24,True,True,5,5,b2a9eba1926f56770630bfdaca95b6b635f7b6ac,61241a8315a27afd2a6d5096333a15c482575724
python,humanevalfix-python-25,True,True,5,5,8ddaf089ea670f2933ad2807d099de8020d290a4,2178189a25befcbcbfb77dbee50ac50682747eac
python,humanevalfix-python-26,True,True,5,5,d89bf0a167dbe5e96c5d3f0fde75f42a771fbfc7,155c01a1419b3ff42f3a133006ec02e2143a5811
python,humanevalfix-python-27,True,True,5,5,eb775137b6997e78b8ab76c1fbebea9bf16be04f,c34e3ae627a05ca081d632552cc01f3afd04d2a2
python,humanevalfix-python-28,True,True,5,5,9a999bc2ebf580276cf6c91b9889245297be7336,20da8d6723cd33d025dbceef1333200339b4cf55
python,humanevalfix-python-29,True,True,5,5,feee4137a6fbf6606d2c53c1703cdfa9b3f52b0c,0e186e46c61a0e09ee787c9808046c1ea4387d6c
python,humanevalfix-python-3,True,True,5,5,4ef3a7074548fb909f3e888322d52660f979b2f7,0e20db1e59c90fb529541804890bfb1988cac0ac
python,humanevalfix-python-30,True,True,5,5,c11cc35b4dc65ecabcc639f36e296d02044fefc4,568fff3b30d49dbeb62fa7fa0b890a7e0f777cff
python,humanevalfix-python-31,True,True,7,7,4d09d9b036535f8fc737ff7560dc11c955339812,31d0fe2dd795dc6c488f2768e64d2f7b39bb8667
python,humanevalfix-python-32,True,False,8,,db00e98a4fb02c3ba2e1aa3377db1803536c3c50,823ab3955d78ac87ca1ff3d512012d1438e6d0b8
python,humanevalfix-python-33,True,True,6,6,c88ec9b3dd37e00e45fb9edd3de362e93b9f52a1,033fcc6eec83df0871021aad23b7a3861fd61f6b
python,humanevalfix-python-34,True,True,5,5,c1eeed3982643fe69228348e6c8dfaebb761e59b,79671e8fff867a0b2a3fa56eaf177929388ef034
python,humanevalfix-python-35,True,True,5,5,791394970f97019696bd0df6037676df5d7b2c9d,b7c4a559f8c44b1933a006e00afa5fc33898faa0
python,humanevalfix-python-36,True,True,5,5,bf5fcd3885fc4df8bb71f6aa64c3b0e02fc6d6eb,8638e240fb912c6be9ae0cc5ccbd4189f7c9f5c0
python,humanevalfix-python-37,True,True,5,5,f1c5d6eb07218d1f6a4bef0a90685de2f725c48b,612183c6d31ec60ffbf7053805b54544c0a16fc0
python,humanevalfix-python-38,True,False,7,,860d6425d75b831108937d0527abb9fbf8a7b218,9a6bfbf104d2c9cc6138d0e7dcdd74f08d626bf9
python,humanevalfix-python-39,True,True,7,7,f86ba49cfb10eaabfb57f8618d98a1fc885882ab,185c72bbe8fe05744e7a310feab6590f5be7c992
python,humanevalfix-python-4,True,True,5,5,3385e28c9b5dfa10a367d3a1310f5fb8b2d5c188,471e288134f716809ebf27c487761fe54ed6f9a0
python,humanevalfix-python-40,True,True,5,5,f363e88cd5877ed3a949c9d2e9e1cf29e6dd86b7,1184a5be1c9d6039aedb3f988b409d1c1ebbe7c1
python,humanevalfix-python-41,True,True,9,9,8118051989936ef337909326d555b5f1fafcfd63,121ec5da28a62f2d70a680f85f47be753e33ed67
python,humanevalfix-python-42,True,True,9,9,44f593cf4d656cd9b3c560d4d82e0f1bcdaf5c2c,f162c6ad0c1dc191f0a78f536879e0eccc1378cf
python,humanevalfix-python-43,True,True,5,5,3028a94e01fecc9c123871a21d8048993c4e2843,bc4a0200693c7d09029cef88f86383cd50a15af6
python,humanevalfix-python-44,True,True,5,5,33fa315b70a3c9828127b6f89b6080be71a9e3a9,9613e78a52ef61f000c5f8722c0f657d7f3665a5
python,humanevalfix-python-45,True,True,5,5,39391890d3c45e80748f4ebe6fe54da18a7b3ad9,5785aa2a1ff7a889c643edba954990e9b1202b1c
python,humanevalfix-python-46,True,True,5,5,a05116c15d32e61b594911838214df4988be33a1,16c3127feb7c1f099afa738854e8342e6a18e4d7
python,humanevalfix-python-47,True,True,5,5,d8586f1ecd495ed8c553187e4b07ebc13c5f1953,8aa4ddcfe469874db9ac44bed319323d9168016d
python,humanevalfix-python-48,True,True,5,5,6c2880322f966c15bf8162aa8893b5d2e348d39b,76a8cd1e9000e5bf78711cb3c3970770caea323d
python,humanevalfix-python-49,True,True,5,5,c8d66653351bb11f972f41386298698c409a7c74,fb0b9bfd718e692e9e8eac0580fbc385aea4dbcf
python,humanevalfix-python-5,True,True,5,5,0d9f6b9bcf37f338cbc2c08b37a995824a967a29,56f29b618312137a505f40cd382278aa4bf26122
python,humanevalfix-python-50,True,False,9,,f29e00d55e7a92baf9580473994adf50c5df1b54,2a4999a611d6fa4cdc5db7b460425cca16d3fd30
python,humanevalfix-python-51,True,True,5,5,9742b4cff0546803e8fd54727c237bf5dcdfedda,72bb95dbe318edd7b0c042cc80b4c33568f0b3ea
python,humanevalfix-python-52,True,True,5,5,878b495d88770441e1e280aa84d6d9d1285d6efc,7c0ea8f4d59bb008d693d7241469840294bfe2d4
python,humanevalfix-python-53,True,True,5,5,6db5c05f3198b425f9ea19e87b60d4e17acebe2d,9963e5337bad05570ce8ac50e9d312b5d5a271e7
python,humanevalfix-python-54,True,False,18,,b6e6d3cdcead2f6b6e96e685847de33b56057ef4,409f021dc70d9e62b10f9d673af2d0ee838057ab
python,humanevalfix-python-55,True,True,6,6,ed48af9f7f83ccde43813309cf330884ccb6950f,86139b0adb69202c60339596705e0e10643f0e78
python,humanevalfix-python-56,True,True,5,5,fa368c788dc5ff6ae359bbd2a0e426d0799fb46d,ec241c7bce30ccdb80b9963a7abdfac5117313dc
python,humanevalfix-python-57,True,True,5,5,6d7e01d5f8e3f1b85490a0c8e55307ed05773852,7ca73737a6c128e846ce6085124bdd0031002ca5
python,humanevalfix-python-58,True,True,6,6,8f436f143dfb96bb2610e47f99ca432ac91515e0,a5e34cd48e5551e41e9d3f7cbecd7b0d4baf88c7
python,humanevalfix-python-59,True,True,5,5,496eef04152ed6d46ad590e0252d2e1a0701c262,b8e5af3f135ef1dd8087dd4007edfb5926ef7f90
python,humanevalfix-python-6,True,False,12,,ac79f4f1b07f325c382023e1db6cc64c600140c4,6d92beb6f50bbea1c101e8410b2fb0aadfd0ad16
python,humanevalfix-python-60,True,True,5,5,7f7940a38165676dcf867243aae0c017a62ee27c,4bbf66a7355d7557efe0314968080a47baae540d
python,humanevalfix-python-61,True,True,5,5,8173e7b3e80e7103e21c6cdcd22dbdc03278aa2c,340759552bca1e987f5d56645bded512072f1a97
python,humanevalfix-python-62,True,True,10,10,b15f6267599170f8da3f3fa70ff539f31b9af4ed,15470298c9fe4fc2113c0b10409b7313b5858061
python,humanevalfix-python-63,True,True,6,6,e538eb85d4c28f281c249227fc089c62362a7add,6663b68708ccc7fb32e33c6aafacd48a975eb6dc
python,humanevalfix-python-64,True,True,6,6,a854403281d4b74df9906a71c6ec716cffa9140c,b403eb58a044ab57d53e81fe9a509237a9af9577
python,humanevalfix-python-65,True,True,9,9,e0edf83d212bef3e504dcd71f7a062d0bc491dcd,6f564d5c4766cb7e5b2c1e00f54d339d7cdaa586
python,humanevalfix-python-66,True,True,5,5,3166f93c0dfceff8a7de02510504e36010a0e6d2,b1db825022d8d367d08d19743d377cfb2026d356
python,humanevalfix-python-67,True,True,5,5,58ade2f2bc189342c97fb7890fb10dc5f1a35873,70925a754ec9d00cf378da0d978040fc39899da7
python,humanevalfix-python-68,True,True,5,5,d312603a4bbd60373760c701b42bb311951e8e8e,78ad34753c0df896fc1c78d49f421bf243edc772
python,humanevalfix-python-69,True,True,6,6,3f2ff8e6ee6844fd312caf3cad45e7a2ed95fe50,9bd0a7f769b3a9b2a35b720b7ec0b2accb7f9d90
python,humanevalfix-python-7,True,True,5,5,ad56fdd4c2b63af52105b7c3d40f12accaed94e1,4650704c6b7746cfee949daecfd40ae970affe94
python,humanevalfix-python-70,True,True,6,6,7b1c6edd9a8c8d380d3ad0505be9851b2fb200b6,9d57aace90106eff9155e48ac99f404dae807405
python,humanevalfix-python-71,True,True,5,5,3c858c3cb619b58b2819705326d557ae2521551a,b14d5a47219f31f9939017dbc187499c77ef2e77
python,humanevalfix-python-72,True,True,6,6,4163a515fccdf780f7ba49fee2a03bca7308b1c8,220ca927a2ee1e7b92971fa6be7d1315813b3d77
python,humanevalfix-python-73,True,True,5,5,3ca33f2453a8318f085c212d8d4ed8aa6cb0dda6,44619a767d19007ad5c7797d762c11695602028e
python,humanevalfix-python-74,True,True,6,6,efeb0cc0223210038ef92baf40a086f2eaf3c66e,9eced025a317632c72aeed69895917412217f13c
python,humanevalfix-python-75,True,True,7,7,66a67aec8e519ebab4d84e4b6d88ef4535f4727a,8082cadf8a7e71f18838c80ee08cbd5d1beef3d6
python,humanevalfix-python-76,True,True,9,9,84141dd1e3a58122373c367880e2633f2768be5d,d57875646fc037ff396df42615fdbd83dd680323
python,humanevalfix-python-77,True,True,5,5,a1e44920c2f60f7cdeafb63155bba994a0631784,dde6d4b00954380cf73663b36c0f59a65cc93555
python,humanevalfix-python-78,True,True,5,5,20048e753d0941ace09821407c19ad67de2d26b0,ec67366d452d11f72edaf8eacc80909be0cc1d04
python,humanevalfix-python-79,True,True,5,5,2d4af82547e95434050ef3a20671236799043d16,0bd0f8f955a3cbf075655f832183459778fa48b6
python,humanevalfix-python-8,True,True,5,5,968246e22f68449c839901a19115fa982765661b,1d151eb91d4889eee204bf574cf51836b68dc085
python,humanevalfix-python-80,False,False,36,,,bd904aad2819c465ea5aab8322f0154223939082
python,humanevalfix-python-81,True,True,12,12,89afa90a9301d3af4c75f0e43d7a800e1f8a11a3,c46aa4c3dd1618e98bf77ef43f9a7f50b70d3e34
python,humanevalfix-python-82,True,True,5,5,cc2d286c766c0a8d3890d1f3973d4e54f8f606b5,657a165ed84e1e51a4074cd3597dcf48d6496d70
python,humanevalfix-python-83,True,False,13,,7a392ff0e052c007f250d81afa0c1ffb8063386f,643f6c2482672266115355e12b20e8f83214672d
python,humanevalfix-python-84,True,True,7,7,befe4000807d410f69fcd4956778135787c86045,92fd65bd3a47846711a7a2bc3680a3f1ca2f249d
python,humanevalfix-python-85,True,True,5,5,7dac325210edd95d888239569893d74e2938cdc8,fd424898ace169297b65133a8a2adad49d387cba
python,humanevalfix-python-86,True,False,9,,4b76861d10149f2a6ed5f16be5fa22d59e3313a7,2eb7738ba2beb02d2d0806b758542f10ec3ad139
python,humanevalfix-python-87,True,True,20,20,e2a12bc3db6bb2312b483e09faeb722233350169,fb434d10e2cfe85776e11f100d933e576346dbb5
python,humanevalfix-python-88,True,True,6,6,39dbf29c3881f4a575e81b4d8764e65f09ccc5e3,a13bd40556766a5f499a995215ebf87d518c9b71
python,humanevalfix-python-89,True,True,5,5,3b1d5019731e23615d29a73738c5c581a9d6f51a,d183e78c0adbadacd46d9feb4ec05aa5d577421f
python,humanevalfix-python-9,True,True,5,5,65a2852e555112ac25e0219d51f0b8f3b26a8aef,4074f3536b38594b321f38d278f7add0c1a3920d
python,humanevalfix-python-90,True,True,5,5,2cedf6c18b8fc05fad09544dfbd2a0f38ade76b9,d56192ee8e6b901be9c339e895858670ba0c52ef
python,humanevalfix-python-91,True,False,5,,55dcbf09d7c124274503e55f322ecb52774352f1,35d3b96c071c7299140c9dc7dbda005a9145d128
python,humanevalfix-python-92,True,True,5,5,315df7c4eec4729554984bc68cb86a9bbeee252a,a6b2c7569f750de29b9cfec869bbf7d708b50f6c
python,humanevalfix-python-93,True,True,6,6,66d1a36957b1c4ea3c8bc6bea1dcd8c63c8e12db,140eb8d1bf87c184928caff34a87b3287cb83d2c
python,humanevalfix-python-94,True,True,5,5,6aa897881e1d81f7a61493737b939c23097adf8b,bc8fd29930ded2f580b617b7e71139db22959dd7
python,humanevalfix-python-95,True,True,5,5,6a1f8f8e7d4597377ed17619ef53cbefa05177c2,885253d8920b255014656a36e61aec3061fcfa20
python,humanevalfix-python-96,True,True,5,5,d9366dd8698464d25f8dd8d20915e5ca717336ce,6c31d046412faf578f6ae998282b388ea465825b
python,humanevalfix-python-97,True,True,5,5,365e2c858ea16e614a060f6bf03add82cb45857a,d7bbe020a8b786933f991c8679c58079804488d5
python,humanevalfix-python-98,True,True,6,6,8b0ec2d0093097d2c9f5db2c7fd41ec67c967037,38bddf52b53691a0be4d2e1a6906de58a8efe6aa
python,humanevalfix-python-99,True,True,5,5,77e37699c6d88eef70ba209890352b3e61c0de3e,5789d1a4ad17b66cde340ad95b7db951b38270d4
js,humanevalfix-js-0,True,True,6,6,fbdd4cfd98d3e1055c7d9c6edf94cc1988d117a8,ef678f288d6700e97db63cdd133df20cd344cfd3
js,humanevalfix-js-1,True,True,6,6,950819d89b7c14494485d0d9b54208c5553d5367,13c31b5c565710a8ebfaa61b27adc5721854aa03
js,humanevalfix-js-10,True,True,7,7,e8e8afd91423507dfa3a650f943a8ff5b410ffce,c345f3e1f5353841b583c8c4d2d5c9fe27acb020
js,humanevalfix-js-100,True,True,6,6,c370e61b297a582d1d8fb9021319b2e3af8837e9,67a3210f9e87bb9b67cbd63e4ebfa34535e2c3cc
js,humanevalfix-js-101,True,True,5,5,857ccde2edfec251b4a7552e94d5b5458343434b,c1ca85d203ebbd22ebc44cb159763a80926b9bdb
js,humanevalfix-js-102,True,True,5,5,9508a49a932565086e75256ba6613f382ea7ecf0,731baa171c5f05a50b81ada9f69b5702e7a12406
js,humanevalfix-js-103,True,True,7,7,862946f61f44fcc094c3c40c3a4248dc9089dd49,3bb0a71478c9d800c93f0ad189e3cc63d261096f
js,humanevalfix-js-104,True,True,5,5,cf94e111d3707f7bbca651109a80e48c2c0c68b8,9c2646209c5a144aab8cbf97e29bac2a99131b12
js,humanevalfix-js-105,True,True,5,5,911cb2f09ed552df44fc56651c3f0ebf8c1d2b75,8cfcadee8ac21de06c113f49c791b4c9862ea076
js,humanevalfix-js-106,True,True,6,6,ab81d6363df174414a508e9168809e3dc1f05e45,7e3051a09e0132186a0721eadcb64884fb08a3d0
js,humanevalfix-js-107,True,True,5,5,8659fdf2bb171d9eae37e8754b41d3daae1b351b,28cc4234a362c1f38c1c41f913f4e2053c9dcea9
js,humanevalfix-js-108,True,True,9,9,3105a91ff8c7c5890d44ddd3a4a8ba9a5c2fd5bc,f90edc219256c2cd577cd307b5a4caeb278291d5
js,humanevalfix-js-109,True,True,6,6,cb444f4ddc48df08efa230c947cd4801c859b7db,bbe1abb7c3ccfa27af7d8e296cd2b0f7ccc4a5c6
js,humanevalfix-js-11,True,True,6,6,253482404dd5ab21d271eb27b5e7c16c1d4d76d5,22a4abb334e2cf0fb717746b511efe437624cbad
js,humanevalfix-js-110,True,True,8,8,acbf3dbd4f6cc0d2a06418a0df1d2ed9992395a7,f29bb5d587148fcf3fe0de5be50bf640d8f5754c
js,humanevalfix-js-111,True,False,23,,eb8093faeaa302e3c0822f5f8cf130eba00e31a5,feaffc710b4c66711dc9b700adcc7b47c47bf876
js,humanevalfix-js-112,True,True,5,5,5886b9ff02d3c9ec80bb144e36a1cc5d48d9d4f9,e828b002362d84e06a1b807f36b919aabfa2ff11
js,humanevalfix-js-113,True,True,5,5,b40ae141337d5363229230ea186cb2b34ef576bb,83e6260ca9b0d55e9034023789e97174610eb81f
js,humanevalfix-js-114,True,False,7,,b41b7808fbc41091ccb9096aa589826b4e04ee2f,949cc7492b766fafc434d9554e085c81fc5a57f7
js,humanevalfix-js-115,True,True,6,6,e2ac03ac56a448ec3aa28a16b9deb5aa84f4c10a,c05cc4565a326557d8674da56c8420c310a4efda
js,humanevalfix-js-116,True,True,5,5,73747c77ddb39822607d14ba1d1f729efd8d4220,d9a98313ecfa69885cf2625b97029d9136fa32e7
js,humanevalfix-js-117,True,True,10,10,8e4f979564845c0d5d4e26ae3a3ff0dd63790152,bb78749d28c85c3143d640ca06de1f3c64bd09cd
js,humanevalfix-js-118,True,False,26,,9ab95bf6572b01ac0cecaed2c7713785d155906b,1a2df15cefa415748606a59f1554540a00bb3b0f
js,humanevalfix-js-119,True,True,6,6,510adfef4cdb3f9a3bcbea00e2f86e63e43a0111,da47852b793e92761b011bc85826c231fdc1822f
js,humanevalfix-js-12,True,True,6,6,b779fc77c47dff9dc39e6c80b531d7e1d2740bc4,af51ff9d5ea251fd80c8f41a1736a0e6289dd8d1
js,humanevalfix-js-120,True,True,6,6,d2ced9f232e205813832e73186207ae6f2d1bb52,c805ac207c14dba5a955a2df7b69971ae61fd9e3
js,humanevalfix-js-121,True,True,6,6,ce8df17794f03ce8d5ab87a5164cec4ba2380a62,50c4026a0ce10346ff611eb7416e9400c8c33bd9
js,humanevalfix-js-122,True,True,5,5,4d29a738ec2dcacbd667d35b7c0a8ebf9d39661a,e34bd2c19efc51be6d1d83ba8153eaaf82a13dfe
js,humanevalfix-js-123,True,False,19,,96819c20a8ff3317a6f395178e892778276e1574,d355e5e8ff6aa088c40e43b188a3209e341e6fb3
js,humanevalfix-js-124,True,False,32,,60a865bad5885b0c5d383043b5fef941744c2c17,356b9015251b7b4a9121d0991a7f39be54f9d971
js,humanevalfix-js-125,True,True,6,6,347f9fd814fa75c1dabfdba6acc2e979e6c92ef6,37e06b280ebcd9be3bc45c33c5efe08333d2df7b
js,humanevalfix-js-126,True,True,10,10,e4f50d9a19acbdcd3543e0ae0b6d0d8d582bf45a,28eaec15ad4cd99b9455d656fb607c77f2c69bc4
js,humanevalfix-js-127,True,True,6,6,a2e8040788974e86e9c2efe69de696f7736bab06,082dcfd7acfc04017cd4cef519aa9bb7a30e6869
js,humanevalfix-js-128,True,True,8,8,62842d55f8a2cf19b7bbe568c472b2d6823d43d7,e3cdfaca84f32090e6f8e2d1d17f795fe06678ca
js,humanevalfix-js-129,True,True,6,6,ea0bea640e9d073f38c926669175635916a42648,e7a1de5d459cfc7ce174ff986cf2199dd4ecffe2
js,humanevalfix-js-13,True,True,6,6,0d7c326122fa8f2e567cd2b55c974d24a6180c9d,ea80c0029fc419aa75757e42bc423c011b8e6c11
js,humanevalfix-js-130,True,True,9,9,8324edd3e12a31d115bdef9efabb32803da208b8,3ddb9f6b202f3136e44016108aa7d8c02ec16eae
js,humanevalfix-js-131,True,True,5,5,7762fcfdb435cb2f6895a2d74a44732bba1ab6cb,4c09028171774cd96ecf029261700f0d3646f447
js,humanevalfix-js-132,True,True,7,7,e9b7787cba2a94a2471ecdcbb3dcb91184a83873,d0126ce9af66f217146e97e76a15991bc0d32cdf
js,humanevalfix-js-133,True,True,8,8,87d7ea02ff78aa8a47c989b39a8aed6042226ecb,0f96eaad9a67155dcf3631df4fef989a704f0b75
js,humanevalfix-js-134,True,True,8,8,dcc45d669ddbc9d2f02b1b51803120d28ef4e0c3,dda9f2e359436ff52c9a1150d6c668c865d9f775
js,humanevalfix-js-135,True,True,6,6,b75db74b5749aee38f86577125f25583f97f2769,bfea9aec6061fc19d4045a6035c5b6a4f25ae50a
js,humanevalfix-js-136,True,True,11,11,f4d0c17ab7e22508d3fbdcb3c973e5958e6c76c1,4570672f78384fa9e60afd7dc16d09cb37e36ee6
js,humanevalfix-js-137,True,True,6,6,11d747e64c56e7315530fdc3d470f2f45795a975,290f103e4ef2cdf0a2888d3041d49597d3972c8a
js,humanevalfix-js-138,True,True,5,5,d53f6ede1ec8e6fe0c39330e58b7fbaf9f8ae3d9,fcdaf098e02691110eb20fb05df57be05a3d659a
js,humanevalfix-js-139,True,True,8,8,250515a9a229b50e809be76627d12e39f86e9d90,c808a39b2984fbd8c64d36899f751f77630b433e
js,humanevalfix-js-14,True,True,5,5,7df2c4a5804abf2791149eb3ce4654c5f33cfd02,c4fe5e8f36466708637ad3d306b03a20688045e7
js,humanevalfix-js-140,True,True,6,6,5dc095dd59f2c4d46d7413aa20184faadd95b30a,d3b1ddccebb89e31689e859b6ea10a033fce17d3
js,humanevalfix-js-141,True,True,8,8,419d33c6ee5af819ba23d1d557976182f78bfe0e,b34ecc1c36a911f58ddeabb47b20918b4e805cc7
js,humanevalfix-js-142,True,True,10,10,72490f91424b3530b4923b3f576eb1ab3378de56,783e97c11f72fe9c2e2da1efa85603f9d44d9d98
js,humanevalfix-js-143,True,True,6,6,c4f168546b8b50e0f9112194c060b6a679678491,c9f186a297c1a7040c0683d053ecace5bbb60f99
js,humanevalfix-js-144,True,True,5,5,d996bd6370043350f5a310418fef80569070bff4,c208a09b0b85a8b16ba0319197b826be92ebb88b
js,humanevalfix-js-145,True,True,6,6,d3efb24e7f6b069bc3e411fb8dfc010fc1f193d7,95e74f476ff4982a5c75af7e2e4bbe466a05122f
js,humanevalfix-js-146,True,True,5,5,dd4b852f4d742e9c926adfe4d1bfacb8029e4150,cee687cd187c330ad4e4a4bc703226ac0fdf2c2d
js,humanevalfix-js-147,True,True,6,6,965e484db43abc153000e23071bdd15ab13dd57a,b14c98a178d911764fbe7717da48a875b844602d
js,humanevalfix-js-148,True,True,5,5,a2e2db1e5e987a965c292f46b7b7569f4409aba6,3d0db5d2f411bf1a52d19c33a469abe786f0397d
js,humanevalfix-js-149,True,False,5,,1b633fd7f798d0f3aaaf8bff01661a0525b92282,f44f3d19ff0433546fb5e3b76e1e275bf4b4352d
js,humanevalfix-js-15,True,True,6,6,4d6579987ae9d6158f450995deec0f35f01cde27,7dcd607123b77731c2de4cb613ac539dfb6f458b
js,humanevalfix-js-150,True,True,6,6,6403a1f01a8344008fc633873841a6c36a512bb7,984cc630a65249a77c3450abbd4f389c4d0f9c2f
js,humanevalfix-js-151,True,True,7,7,96060d82037f4510dcd63c1949326a8293303532,82a56306593454ed8b5994b8a1726d87b24269b4
js,humanevalfix-js-152,True,True,7,7,8d2e30178b8d35fc0d12042c5e9cc9488c8cdc2d,ae41b22cabc89aa2d74e52641e523504597eca4f
js,humanevalfix-js-153,True,True,5,5,a202a5d992fc6e093cbae98ceef6486637cfbed0,6101ca02092b59dce31f74b12e80f686b7eea32f
js,humanevalfix-js-154,True,True,6,6,7719c1d6499504ec1b44e60cae33c181c0d002ac,634fe20ea2295031fc4c417fba58a1130ab47e06
js,humanevalfix-js-155,True,True,6,6,efcfca65b03730c8a17874a8557ba91d7c8301a1,88a66deba1d72dc217b20c4a658ba3c95c44cdd8
js,humanevalfix-js-156,True,False,14,,762dc54eef5a1d17e76b3aee83830a4851053d32,b7e3fe5e3b3da38303fdfc4525bfc4902d4f69fa
js,humanevalfix-js-157,True,True,6,6,2a41b8758a1a0dde8762e499ee173aaffe4d6cc2,e56b851a67cd21915c44cda9a053d1091d174e4c
js,humanevalfix-js-158,True,True,17,17,692ebb64175908553a8af055480e79172f147327,96fb70a29261f5de01748d2808cab66422804cf5
js,humanevalfix-js-159,True,True,7,7,8444964f529fa95ac649412cd529b25f3deac407,9dab11265ddd81fa0af2c5cc5debb25e34a8ec0f
js,humanevalfix-js-16,True,True,6,6,4fa2ddfdb6fa7b477b56cbf97113bdb43afcf030,03218039cf75199d8b460e23cda29d90abc1a167
js,humanevalfix-js-160,True,False,30,,9a2ecb02a04c380c09f937707c89bd99958a36ff,d70119e71b7b7224fa2d9d615abeed672203bc91
js,humanevalfix-js-161,True,True,7,7,86830a263ed3e941f5df91cb22088c239978e15d,91788f10ca2dc2505e5e6d4913064d4aa2f025ed
js,humanevalfix-js-162,True,False,5,,31cbd1efbe85ac1990b8132f0ca298f8f57be242,6493f01cc349ec61dbaa519e910df7fb0f7d9bc7
js,humanevalfix-js-163,True,True,13,13,8f16a56eb1268a9f988123aeb9a6262b18c6542a,c880176daaaca4c496b2d030459794cd3a0ba606
js,humanevalfix-js-17,True,True,6,6,2a5b355e7aa74e7799d4b5b9b4443e74c7dc2ab6,2718e2b952da56e2eb931ba7d19b0b5e81a1339e
js,humanevalfix-js-18,True,True,6,6,400f5ef2b62f920048ec15bba850aa249391b2e3,ebb801df43cb5d02ca2f028befb34442f2d1f257
js,humanevalfix-js-19,True,True,6,6,79b997f6193c3eec1df243b4642cca7c9889e9fa,ade981d00307ce07e023d3414c0d1d8ba05016e3
js,humanevalfix-js-2,True,True,6,6,5309ee9dfda014739b251098dca72bd241425ee0,e4cfdc41277d310fdf8c617d40203b612a119cb2
js,humanevalfix-js-20,True,True,6,6,64449a1bdcf9107b1a618312ffa0c5adf2ee3a7c,7f40fd8dc47cc407ee863e5b3b72f596e0d3bf80
js,humanevalfix-js-21,True,True,6,6,78fe8d2dd7301e9ada88f57894ef52cd4a6a7150,b658b44e1f2da0b14fded83e24d4ce67f88c18f8
js,humanevalfix-js-22,True,True,6,6,230f272bc2560882f6f96b351c0c9b9af82baa88,9ebe9488d7a9dfdc4aea5ce3579b0d8a1441a668
js,humanevalfix-js-23,True,True,6,6,5509829e7d5634ca87d0a3d04d784b928251b6c2,6387320af22a2be6f548395111613b7367cb6406
js,humanevalfix-js-24,True,True,6,6,473b4e4b049f881f43bf0896b235a67c041d95f4,1f482b3465ee440438ff8b4dbe3d0ae94347626a
js,humanevalfix-js-25,True,True,5,5,53b8ae84c3fa1f2fe46bbd75de134453d8f62ed9,fa37ce9003f6f5c688ea64223e7b60b43edad633
js,humanevalfix-js-26,True,True,5,5,0563f3763415498f9e202e479fc1bd70fdc11dae,0fa6c68e1b3a52bc43ee337e7ee3816681b1e856
js,humanevalfix-js-27,True,True,5,5,6cbb8f971e779483176d5e255158d28e596df4fa,198bcede693e2528458c34694f90e0c92fda9c82
js,humanevalfix-js-28,True,True,6,6,19d8e2fc5023f4729c20a591972869f75186fa04,2e033d5ab928a184d343542ccb7635f8ffcdea5d
js,humanevalfix-js-29,True,True,6,6,2b9991392298d116477ce8b5749e3720c0cb2852,805379ea03f703d3d60887eb4487a57e31163e93
js,humanevalfix-js-3,True,True,6,6,1ad762230db6ebb786c8c43a3cf8d92be651ed6e,b10947278f70b838454bcca97c79690c957613f5
js,humanevalfix-js-30,True,True,5,5,2638534575984a017ca86322fac7d724d0538f22,24e8c500ceb308ff982b2c4497b000d4a598c397
js,humanevalfix-js-31,True,True,7,7,75ed932018e919d6c4ce5eccff7bb37fc62f5ece,382098f080f24fe91f303750b21afcd0e643c605
js,humanevalfix-js-32,True,False,28,,c0c71272c16e0487b68e28a28972f80e9516a78f,a32cf4ca271c64165d6493f1989d889012f51629
js,humanevalfix-js-33,True,True,5,5,685ea45fddba4bc3d02384eed74b34a5656e6fd7,8b9a402c176a154cc46fad9f64a33f148d13597e
js,humanevalfix-js-34,True,True,6,6,db3fc77c9ec6dba109fdd83ae69ab67f06c3b2fe,f5d7f79a0c3b48bd6d24a6b8d6849e249c01fb71
js,humanevalfix-js-35,True,True,5,5,587c8ed5b12c10b670d9111d828b58e741cc012b,6f25e1bb74f864cb1bf6c4be45dfa3a61b08aa01
js,humanevalfix-js-36,True,True,5,5,3b2d80ccc084b482472cb90a524afdea6a22f53b,e76ba194b5794c7c268ef1df47404cf09d2d81b4
js,humanevalfix-js-37,True,True,6,6,b76c4a32d8ed01ababd5aeea0452c5587a7ed79f,57fb6c9dd5bf8549150961a4332e6d5592aaf4c4
js,humanevalfix-js-38,True,False,11,,948c201a0562c8a3ef958b3a4951438d3d6759b0,180270e4429d96a2a28b87466e1536ad8bea9693
js,humanevalfix-js-39,True,True,8,8,89c4b80f577f9ae05e01f4fffcc1dfed63af4f40,24af90dd69a8e823e9c47eef67a0d4ff08c0ca3c
js,humanevalfix-js-4,True,True,9,9,160c3d2573b4ffcfebb72eed55783c4e11723686,e0db8b479dbdd409ffe34a29f4189302f0a21387
js,humanevalfix-js-40,True,True,6,6,be35375619e6ede58c1675ac593647436c10f8ea,92e65c278ef40039edcd2494de1b88f8040f2518
js,humanevalfix-js-41,True,False,6,,73fbbe8cb247162872fd4c66b2331fd3515c38a0,9be56592b7e150fe661794b90de487587a27369b
js,humanevalfix-js-42,True,True,5,5,e1140f0b6269f256ed85735e92f3005b145c1793,ab8bfd06e2326b1b7f12bea7fa52ddfa2e6d9b2d
js,humanevalfix-js-43,True,True,6,6,72f0468beca5ff231ad84f3a8f5db4e55f5b77d0,1cdfb4512c5a6584877e926159a468a4b4c50621
js,humanevalfix-js-44,True,True,6,6,31313a8b8b3e884d16f94519dffe49c01d6b2589,d49d00d3b8f8ce089067300b3e6533b06406adb2
js,humanevalfix-js-45,True,True,6,6,b572c8bea03e6891c78a6f24b29162bc39ee3d99,eb65cf9201898749845934c3b525748e2ef88141
js,humanevalfix-js-46,True,True,7,7,fdc609638f760461a98f37ac74a243b94179745b,d9077a973836416c8e4a50fe9976597936c9350e
js,humanevalfix-js-47,True,True,5,5,737988430568ef8db1a01f00f8878cb5f88dbb6f,dc990344ebd1231f268d2a069111230597539358
js,humanevalfix-js-48,True,True,6,6,1091cf0c494c8eb54cb6804eca1b5b766208975c,caca712e9a8713775c3a0174ab86b2b5aa894177
js,humanevalfix-js-49,True,True,8,8,55bcaa3315c31817a417af8b4f0320d0ba3e7410,af05582e47fa2ce27c38713a3c3a9be70666120b
js,humanevalfix-js-5,True,False,36,,cb1d3f5b47ce6e928cb4c8bdd9b0dfcd0feb2c9c,ffe2c42690b7b92d9cd145a2e60a731448c3404e
js,humanevalfix-js-50,True,False,8,,153b21e8dbb887a25bde512c48a47a497998a880,6039313d45f84b79818e227b051848bd3e751b52
js,humanevalfix-js-51,True,True,7,7,92bc652a3fb16fa2d9ef5912c7708b7b740edecb,31df364b9b1d32b17eede3845cfd1224bb712b8f
js,humanevalfix-js-52,True,True,7,7,19bccd83d5856f5b1dce0baf3a4a30004ea39db3,396daf7849ebb4c4144f8d5491f2af1d3d8455e8
js,humanevalfix-js-53,True,True,6,6,d12aa756b1e0d48f60261613cf2ac7b32d659e0a,01392db0f3c9adf15124f10d399e4ad3c426a998
js,humanevalfix-js-54,True,True,8,8,050edce2823e9685a33a172dfebf246d0b3893b7,37265f5a9d895cfc79137b6f940939cab1761f92
js,humanevalfix-js-55,True,True,10,10,bc2047fb76433096089816da5756af3c36e58b24,d1c1f123ec096e21c724974a89bd63b76914b7e9
js,humanevalfix-js-56,True,True,5,5,83e71011a87118530a1f9f30cea10feaf4d53c03,d171be1d5fcdaf84e8f8bf1cd90c5cc4f5ecbc78
js,humanevalfix-js-57,True,True,6,6,7c78aee42e357851688041e9a2abc27233183a5b,664bc788371585f3d93dca02680da4bdfc6530dd
js,humanevalfix-js-58,True,True,5,5,8f44f8ded25b85ac138ec1cdf743dca14bcebe05,4723d50bbe01c4ac1476d0aa0d066a366590b1fb
js,humanevalfix-js-59,True,True,6,6,dbffc40b604f3a9c3ee4750c29455bbb1fbcb12e,a07f0c8a1d446d1a1ea809cbd35d1babf7add5a4
js,humanevalfix-js-6,True,True,6,6,d03e988e9db6f7f73e96b4dbf28c04bea41f32e9,9226fae873bcd4cad4d29caaa2a28d5b83dab2f8
js,humanevalfix-js-60,True,True,6,6,b18a16bc13991ffb508557c7379ace601f6dc50a,fed52e619f550020ba8374b86385051f993e08b3
js,humanevalfix-js-61,True,True,6,6,8936790c73d66753204d425087ad9f1000ddcdaa,ab0d8b2a6f20d5f9bf91698001140d088090b85c
js,humanevalfix-js-62,True,True,6,6,fff4e4ca4b9f3311521664d41b15cbb318030b90,f102efdd6f5cf8caec2411c3b8ea5e7516ec56b6
js,humanevalfix-js-63,True,True,12,12,274ec4b699ae6545f20ff6c7cb73cdbcd05a030d,7fc42d8ddf3376a4f04a3ce4ec3d153dcb52cf33
js,humanevalfix-js-64,True,True,6,6,5066c1d93b2510cfe26b0878b5b68bdf955b87c0,dbe517628d9716a3203a1837bae0c4ae4446bd36
js,humanevalfix-js-65,True,True,6,6,9d87ee7a9981b399747780a094fd872f080385e5,d5aa3bcc32b1c440d722e73be694d8f67b346780
js,humanevalfix-js-66,True,True,5,5,fb0f0df16431becf2133e7a21951ae5faaeab6ac,101e8be63fc3edc51281007039b755e14494149b
js,humanevalfix-js-67,True,True,6,6,fa4299da8123d598959770791785efc836590183,a3cf355c8dff3ff63c20abbc15f51e532fbfa7fb
js,humanevalfix-js-68,True,True,6,6,9c7fa7ee14c0c170700ac9d0718b445f51cd2ea1,65949e114e498cacdd9a2ad3441bda39d6f41425
js,humanevalfix-js-69,True,True,6,6,352812dab65d10785e6da722127703333b268953,dba977a644b121b5bfa5220fcaaa248148ffd40b
js,humanevalfix-js-7,True,True,5,5,6d8fe95bddfb57cb756f4bd4288ccfca8f568dca,6ad4100677ce6218ff8983caa3e26892e8a96b54
js,humanevalfix-js-70,True,True,7,7,3bb17591a243d1d355149ee230e54ee81852231c,c5ee71aeab6eafb0495013a2e9a8d0f1d5383f43
js,humanevalfix-js-71,True,True,5,5,a96426c90f6b5399a03d635d8c3e37dfa7e3ee77,0b0f503027cafcc081958060cec51794e5917ea7
js,humanevalfix-js-72,True,True,5,5,a9747af549c8c5302302df05f998a6de69d00033,97fe8b200da40c8cad1c80a9cd08fa3cd3e3bbf6
js,humanevalfix-js-73,True,True,6,6,eee3adfae84cd17f8df0ba8b2f2e5f7cb890ed47,69c9cb3cf76bb9b92cebcffcd3af34e85de17183
js,humanevalfix-js-74,True,True,6,6,ef10e947cefe5b4dbe0169209352a65c3454fec0,6b810b493205e61a9c8ffc03a3c1583c4d37360b
js,humanevalfix-js-75,True,False,34,,0c0df127a0456261f65647f14196e3e66b7eb25d,49c2a0bf4f88782ee0f5008637aa98ad11645d21
js,humanevalfix-js-76,True,True,6,6,8f0794b21dcf023e8726a0ef5a553c17977b296a,fece1afe2bbaf8b275aa9ad8aa1e5548afd952ac
js,humanevalfix-js-77,True,True,6,6,3cbdf878f52a4bc79c64e087e771f16f0226585c,71f83e8b1110515269e10cf80367254bed78a80b
js,humanevalfix-js-78,True,True,5,5,39c95a73df80a3ddfcecf02b21ba59afa0eb0387,ac86268da7ab4c9785a0b53b12fc540a9c1dba1b
js,humanevalfix-js-79,True,True,6,6,5164bca7ef2c73d5a066d42a186053205d900414,3cf9b8c1d671c7910f343bdf5b3d672b2575cbf1
js,humanevalfix-js-8,True,True,6,6,ac98dcef703de77a10f7fb6a2544912c72b8d2aa,9fec2baca5c222095b617c48f1b75b9c7c570b9f
js,humanevalfix-js-80,True,True,7,7,d6434a9cab5d103d927682ed74882f0266dec257,0d7caca1f7fb803574baf302d03ce1fcbc373efb
js,humanevalfix-js-81,True,True,5,5,6cb9d5454cc2b2b677b935ca77da849654339f76,4d00a48205d27307f50018a2af69b25a7b832a88
js,humanevalfix-js-82,True,True,6,6,ae3814bdbf06a231209ec46910c481f6d1340482,afcd4b0372036322bb772a3def56cd8d214e70dd
js,humanevalfix-js-83,True,True,7,7,aef39b99cb8b43d58c9f4c6e40ba9e2d224dc04e,4ed487aecd44917a2d9daef4789f2dde342c557b
js,humanevalfix-js-84,True,True,6,6,c57b3ed40f1262c6a2b720b9c1a56be669efed98,183a8b2db24122085d3889ff08751480c9426142
js,humanevalfix-js-85,True,True,6,6,713d3cefb9960d873c79bab23eef7d5495627050,a9787d112ceda1884c2d524a523183786c505602
js,humanevalfix-js-86,True,True,5,5,fe891a7b1dc9326729caee6a56dcedb16b3f0319,19a84bc68a682e039116a15359246b463d444f87
js,humanevalfix-js-87,True,False,21,,56fcc3ef5b31a48e5c4ad7c61d2698899fabcc2d,60d7a77625122e465afe8e663e0b127ef24e4dd1
js,humanevalfix-js-88,True,True,7,7,f8e55bc35eaac45afd7c099c6df6d4e14144fe19,5f572dc2aeefafe078325a6751288b02964f62bb
js,humanevalfix-js-89,True,True,6,6,15f9a95f2f12b6a7337aec7ce07b93a024f05827,d8565c7196c1a2406e11eda47bd6c4dae7b92d7d
js,humanevalfix-js-9,True,True,6,6,eda95647f074a55cd926f4acbff7e6cfa905b185,be458e65ee0965909190e7aa4fccae07b31b76e2
js,humanevalfix-js-90,True,True,8,8,348eaac34a5bd1c5a7e833658a93926c8c8bb63b,ef88bd78764c794c3e186b25afb8bca9ddd5c0b2
js,humanevalfix-js-91,True,True,7,7,f3fb95a014edddf52698b6428f68566b27cff84d,5e3d1e1e41bec6acc7bf57e10aea7caccb31a130
js,humanevalfix-js-92,True,True,10,10,5858190662b60d4ab9b194287ca56be24fca9f2d,3cffc6cc70cad9e90bc10144e81c3a89a9f3eb34
js,humanevalfix-js-93,True,True,32,32,47ffc0b1d22a1c04b494913efc42a36fe4061089,dd8903229f186e898fe1fbc49c76a6d85d1a56ad
js,humanevalfix-js-94,True,True,6,6,082345e590fff0b4af4954b4f7abc535941fcc32,45ad8dcc5cb71e639db098b7c0287e6a865cd220
js,humanevalfix-js-95,True,True,6,6,6d27825a1f49c5a7541b1fa059c95bc5c1d4197b,32b3dec6898f8ed7fc2b753ebb20766c379c6280
js,humanevalfix-js-96,True,True,6,6,bf7bd81e481fea0d6f059ab174361ae70d847850,294439b504cf0faefac6b8c595c44405c2455170
js,humanevalfix-js-97,True,True,5,5,9e318c53daad5b9ff260f6cd49fb249eb033a188,9be65869072da3e9528a745156def8d3a69f6908
js,humanevalfix-js-98,True,True,6,6,5e9752f3e861e2cc50fec27c48ecb345bd0a66a2,304557d2c5fb8e51443ed0bc11c716a2a5dfe64e
js,humanevalfix-js-99,True,True,6,6,aa58736654ba36005a3e81b34015d7362b60e14d,a0e6c0e2af45a655bc84017a982165aa350039e2
java,humanevalfix-java-0,True,True,6,6,4f830fffb9dd779d2c0e47331fbca04193488b69,b46d688c4d1912295815921ae3ecbbf5091d2117
java,humanevalfix-java-1,True,True,6,6,cce3c4f967d1f495ec04c6a31e24561429349ef8,3ccf1031194cbf93eb7e8f7448add6aa2678003b
java,humanevalfix-java-10,True,True,6,6,98eb001b116e71876af231b9c9ae3ef62aaba964,361187da2a4dab69d357d70f1aec8314b4b38184
java,humanevalfix-java-100,True,True,5,5,c5ea0105f9877722049b3cdefef0fe829f921a51,8e79d9a8fe7a1a688bd45fe63637c9b8074b6021
java,humanevalfix-java-101,True,True,5,5,1d883b97c890d921fbd5398521ebb5145128ecad,13f50fc73e291775531506b6803ac120af00bc84
java,humanevalfix-java-102,True,True,6,6,57147c0ae383b15629a53a45e68b21e8865ed27a,0026d1cfb29b937abee84b9ffbebf5edb1c67c96
java,humanevalfix-java-103,True,True,5,5,04b4e4fae37f66a1489af00ab8eab2f695ac911a,61786670432bf9edff91d2df459749be2bfb9c5f
java,humanevalfix-java-104,True,True,5,5,7c3a8e508e1e679e15a06f4c19b634ccc606ef60,b042a29619f26fff88c8213061ab1252a84e7ca9
java,humanevalfix-java-105,True,True,7,7,7a72c0e5f6ffc5c6aa5f9f7a945375dbd841ad72,68f92b1bd489c0447869be974c889af82fae94d9
java,humanevalfix-java-106,True,True,7,7,0759cd4d77bc890e7f5e9b46e6d0e04910695a25,190f67de4fb15202b3198d7b102383f0d67e231d
java,humanevalfix-java-107,True,True,6,6,1925c73abbe69ba6c18471ffb5336777b9280c9c,a95af6e38f972bece5752f0a54d5d11d2d01739e
java,humanevalfix-java-108,True,True,6,6,42f11704bca3458c6934cd68b06484271eaf34a1,09be6a1cd91e1fbc5c0449d4da382c51669d4925
java,humanevalfix-java-109,True,True,8,8,4521c826f67a5f882722f74412c8870d439097d2,0418b48703d663c6249f477417a7055951b79294
java,humanevalfix-java-11,True,True,27,27,1674c46f2750c95f54bfeb9ed252f39e36a901b5,870692438286845c084c2eeb8749b333b39c0cce
java,humanevalfix-java-110,True,True,6,6,c104adeb8e05cb7ef95f2ed4dbd3905fbd119ea7,47479a01e0ff097be91d03bf0b359f37ebbf369a
java,humanevalfix-java-111,True,True,14,14,eb3e21041b3f39b5fe261ea7dcc73042e54965ad,b7e1a9ab18a626e98b3ac04d3f63e700d5c7865f
java,humanevalfix-java-112,True,True,7,7,433196251f5f93c3f49144b92d0034f545897399,2f9546b9e88d200f998046c88a8479b1c9752630
java,humanevalfix-java-113,True,False,8,,d0b267cdac6d9f90dc65d6568e379a2e45f02601,f73814834f94a1d24ab22bc2df1a80f2d7876d4d
java,humanevalfix-java-114,True,False,25,,0b4ac151ed6060483f10d129b615dcb9eb0a1aa4,43441967a60117230bcc8569ff871bc8b607dd3a
java,humanevalfix-java-115,True,True,6,6,e8f1928f488a751d8a6f091dd35732b87ab60136,5003e80a8300e2d752b17542853444c60eebfb5f
java,humanevalfix-java-116,True,True,5,5,fa1e8c9a95905a32deb05ec9a72b5e7704a71a52,e2bfa780cca9824a74289efe1d7ad25fee15822f
java,humanevalfix-java-117,True,True,6,6,4c73aa2f746c416e42c3d893d5c0b402cacf4d67,7a9aed2275976610ba0fa94a5c50f73a63a4474d
java,humanevalfix-java-118,True,True,8,8,07c6348ce031f0311e4071ae5dc2e9ac9f59d1cf,fa93c13509682905d46e75219727625f8e0f8c6a
java,humanevalfix-java-119,True,True,5,5,8128e21526f9e51e4f21858df38fb037263428ff,a63ef38cc5c7743c3aa50f2c1e3d49f6b5ff2d66
java,humanevalfix-java-12,True,True,14,14,4febada3a7150e9aae2d3d339e296c1c03c375c2,b672c66d57171973825e99cca4f0c81eb24429f5
java,humanevalfix-java-120,True,True,6,6,37d945343413bf8d16b8d65445d28a7285721400,e5e3750837febc1a61196383550ef85f9efa724c
java,humanevalfix-java-121,True,True,6,6,551fdb69dcaecdaa11519fda68561c856f75daaa,618847630e3692008ae692053193837e0baafd7c
java,humanevalfix-java-122,True,True,6,6,ee37d9d8c21e2785f1204470f94eeffd6bd66173,d30c6bc42f659f53fbe2e7351a73f282ff2b7814
java,humanevalfix-java-123,True,True,5,5,671936cb83f00271d92451f0436e6d8b50ca1c35,a80805780b8dcbe6c0fc842ca34547c1e34b66a7
java,humanevalfix-java-124,True,False,23,,eae7738482756b5ad3df52e99cb616e86e125c07,5d7db15975bb778e56d697b47062322b9df88ce9
java,humanevalfix-java-125,True,True,6,6,c4fe006cf7c2e0097fd52425ac22ddcdc3d839ee,4fa3968cb4664d2261be3714e2990454d742466a
java,humanevalfix-java-126,True,True,12,12,0a9719012d9e21c76ebedf18bc529506ee9c714a,8be3e069033ac10702057705078105b5d88b2e66
java,humanevalfix-java-127,True,True,8,8,9397f1db55fc0ca0209a3009240add0e272d8db1,a9e5c4279c33f352b183835ebe20bec13141c61c
java,humanevalfix-java-128,True,True,6,6,688ea1002004b6580290048d11230fd0694982aa,e1ae8056afd03508bcbea39378782a3a4dd1d495
java,humanevalfix-java-129,True,False,23,,234019f9bb3b4df89ec66bc738529fec4264ca94,82709ba245eb3a866208f9d63df76dca1b727195
java,humanevalfix-java-13,True,True,5,5,7e7ea323bca907da20b3ecef768859d0adeeff21,74f602d9c07bfecfa0bd634d6c16a1d053fdae9a
java,humanevalfix-java-130,True,False,24,,814c3237c65d44d2d1f019e1618ec8c31092f202,f8ae0b10dbf9003e4a114e673f389777c50ef376
java,humanevalfix-java-131,True,True,5,5,60edd3c8fa08680dbee41516a6255cfe1763a078,d6b9734920f668b43e13b4dc48f97350676e9165
java,humanevalfix-java-132,True,False,26,,a273e8ddd4e601e80055009b36ac6af0b113482e,7ce75a3a148c2c63c89154b8d8ec791480518022
java,humanevalfix-java-133,True,True,6,6,8fe815719477d02d4b262106ca397331825b3a75,ac3f8510a2db7892f770240d5681a81311d3597e
java,humanevalfix-java-134,True,False,24,,3bc597b9fb4f419f7391778f229de4c9cb78ff0b,72acfbe78934aa048fdaa8ed11322d7c90a3e9fc
java,humanevalfix-java-135,True,True,6,6,10f18e91a65e7345e947a8a4265f2b2ae2881635,a040e18788c457bc64cee03058a76c10b6e3f3b4
java,humanevalfix-java-136,True,True,9,9,bd686a010fe9ba1ecb916bdc9999061a83273ef9,22ba71289b510a823139fe253e8c4d0a43543991
java,humanevalfix-java-137,True,True,5,5,a1f514d06e8d2524ab24d79b8f9feffcb5f8cd17,d8a87c470cd8c6d5fa06133119efa98b0231b138
java,humanevalfix-java-138,True,True,5,5,9fe85059b72758bcaa0a8fe3415c8930e781f7bd,380782b21c16a7cff0cffa594462b47108690a29
java,humanevalfix-java-139,True,True,8,8,30b773fadd14a3ee5b2f1d253a10e045f9cc9512,234b124c9f3394e3d5673a3a91d3d326507cf1c7
java,humanevalfix-java-14,True,True,6,6,1a485ed4fd5c65ddd1339c8860305357ce3c7150,ccb1491bfd8b2df4da56e50791b32c92e0df660c
java,humanevalfix-java-140,True,True,15,15,fa45dcb1d7678b22c9749dc94bdc488a7c2ababe,fb8bbe859525779918c053f36c68f4f27313b6fc
java,humanevalfix-java-141,True,True,11,11,e7c19edf5012daf668cfd65a6878f33add9255d5,028281071de83bdd3698ee5876cf06b96dc68444
java,humanevalfix-java-142,True,True,6,6,03873a8c63ba50c6b235e76bdae52ef88c0f2449,30db646209231817b85c40a38b126414b4f23220
java,humanevalfix-java-143,True,True,9,9,15132ff4de2da7f4af88bae5b41d64ae44f5c341,2bb3c6cec5033a4d0c0f03ce5699e91a944862bd
java,humanevalfix-java-144,True,True,6,6,678fb68d13048a1957a58aff6accbbcc66f786fe,6c577f8d9a8e0ebfc8f094b0dd6213a8dd2c63de
java,humanevalfix-java-145,True,False,25,,e0531c66ec92b55962545f5a15efe709b5882944,7b98a815947591a9a697216cbf9cbe89e90d8d53
java,humanevalfix-java-146,True,False,17,,7d35986c740978291d35333fd07d33f21b8f6246,c2e0b0be7ebeebdf3b52060487bca08b3f3ced71
java,humanevalfix-java-147,True,True,5,5,0b0f36bd1b92763a702af3b0bfa47bcf1fad953c,268c97838b8006d7cd57828351294e233337eae9
java,humanevalfix-java-148,True,True,6,6,82d95c6f18117590db9121ac00b7cc4a7efd61d9,d9ddb9853274398f3e57473155016be52c7de83b
java,humanevalfix-java-149,True,True,8,8,d68e97b75481cb86a924845dc5146c1156b4ca69,f0df968a3822f1db4c6bef7fba45dc35aebfe31d
java,humanevalfix-java-15,True,True,6,6,6e53a5f6e20b02684acc9bd2f2089017f2a1ee30,a961a0cac52d80cdf89ed9704dc6d9fe83cbf7d1
java,humanevalfix-java-150,True,True,5,5,2b225945cc9e5ed884b1cd914d2bf141e5c46180,5815f042d28dbee486ce989fb47de908a4a41b8c
java,humanevalfix-java-151,True,False,6,,8b5f8e695c4152663d4732e94e82a20b84a86a06,a388e75a1a89c4ef81837bc4aefd2f6c3a00af58
java,humanevalfix-java-152,True,True,6,6,fd14aaf208c49ae23078f07bf556055ed4853322,ed178fc54161fadb6b745faf4822f45e95b16458
java,humanevalfix-java-153,True,True,6,6,e4cd31e0af144b564cd3c10062eb0f5be64ae622,c992bc05a800d5cb824a015435e8382650559012
java,humanevalfix-java-154,True,True,15,15,d5ab1b68885e8ba4c82fe1d22d146d6bb6a5a0ca,e86f517d9696189b291822122aa20654dc279b50
java,humanevalfix-java-155,True,True,6,6,afd5c70d69eb12859603ae44db9758d6652a724b,5541bdced32d5db077fe56d5cfdef31bb09db3c0
java,humanevalfix-java-156,True,False,25,,8b6fd46bef6797aaf0b0034f6806275366d2f390,02ec0ea9eb7ca496f49a92ea81dfec3be9a7a907
java,humanevalfix-java-157,True,True,6,6,2a363efcb163d80403730d2f9a4de9ca77ee15e8,21efadb3e87c192defa06e9807e10f0fa7212551
java,humanevalfix-java-158,True,True,16,16,db8fcb421aa3141435e1acf59de1b75c50569dbf,5cfa5b4b43e9c160c6f0c0ccacbf1a72f27a0194
java,humanevalfix-java-159,True,True,16,16,1a4865a411ee9c4700134cb169e4c4e03d6291af,ccea7ed772079d028c0880782392cdea080ceac9
java,humanevalfix-java-16,True,True,6,6,269f66019baab206ae390c6fc2013b3c8318d304,cae3106dbb43943ee941f4b38130b1a371dec2cf
java,humanevalfix-java-160,True,False,11,,be010e458a6cf66daf65edbaae17536bc39f79f7,50842a484ae6687c74bb34f5224e7598b840ae17
java,humanevalfix-java-161,True,True,7,7,788ccc3608ef6acb1c42b000e17439a13ffc1e9f,a1f5d5616900b59617e5e89fff867ebff76a6954
java,humanevalfix-java-162,True,True,7,7,5e9a493236eb8ed899681a677ddf3f8dbfd5ca0a,834631eb8977775502e87eb647b31552a28b19b1
java,humanevalfix-java-163,True,False,10,,9c5558a12b967e1271dcb3c8a41fda7e9655966d,d9b72c7c8ae4af7d863ef6e192a471e5a473783b
java,humanevalfix-java-17,True,True,6,6,05cb2baefe429a7f25c38abc210df76f86e46e30,98c07c65197d2a1e0b1440a3ff6b522a52dab9f6
java,humanevalfix-java-18,True,True,5,5,b611df953fdf0b93b6dbb5b96cdbc0fa776a9a92,1af7a06585447f5f5af76198458b22967d737fc5
java,humanevalfix-java-19,True,True,9,9,67575f99c87d68fed2abbe116f45fd5ea7127650,b31a72fc2c0457ec3f7619d97cd4dc3fe5c96790
java,humanevalfix-java-2,True,True,6,6,fae1d38d88adc8a424d17b9d2ce68b8d06faf55d,f0a338ec091eee42a8951642d85040f11b792d3c
java,humanevalfix-java-20,True,True,6,6,bcbe5479a01294f187e60e2f2534b5a8fc64cd14,332b48df51c12e38ce32d7f3df548c209bf04a89
java,humanevalfix-java-21,True,True,6,6,bb50d5805ae3a8521ce5038367fc79638c49f0a0,6f151f53091f852146b32f8cb5ed2e3a17fa8c16
java,humanevalfix-java-22,True,True,5,5,21dbc1667ab9df482b80663a2cfac04b2961966b,98dd5425188514eff40207e7a124733976ea5a93
java,humanevalfix-java-23,True,True,6,6,6360add5a4b17c857d25dfcc2c98d8c1bbf9fec7,17f00a83d6b4a9c6bdaf02cece3fd90bbc22945d
java,humanevalfix-java-24,True,True,5,5,d3a1baa4c76abbc213f13b92f9d216bd28a7e10b,d5b361fa933960b93352ffcbb613a85497316647
java,humanevalfix-java-25,True,True,6,6,886c3ed3195d5adbb5f582a36b11799a8ff85657,1871fffd7648c80bd8dd60085b93248a99d2dc81
java,humanevalfix-java-26,True,True,6,6,5dd93bcacc3f9dedebb6bd16998b9cd5b320722c,2bb7f6cba5c8a39080ffb7af3eaafee6010a404f
java,humanevalfix-java-27,True,True,5,5,ccddf20e40026efe38adb998399035a6958eeec2,f709d8d0f1a21b7616be5922297a0f881d26becb
java,humanevalfix-java-28,True,True,5,5,fd2f89e3e4c0ad03e22584cb9f09084457fa6b3b,88c201a895a9b3c0e2b6ec9f85f929cf4eb2c3e3
java,humanevalfix-java-29,True,True,6,6,806ffef7eb20f71bcc309b3ed8ec7bc45ee5f756,fab22ffc57b30df02e2355f286dee8033f059047
java,humanevalfix-java-3,True,True,6,6,1fdf7b8a5e8339773e317e01b90745297baa8392,d1827c102388c41bb4c526ae79ed2b807ff1d10a
java,humanevalfix-java-30,True,True,5,5,a5ce89cc1864583c7f49e801360331665cb42459,2a7312b883e45504aba4fd15d49974a6a021bb69
java,humanevalfix-java-31,True,True,6,6,e2ea0868cbc887aed522ecdf62772bc567e88f3a,d8c3b237b814d304411e1f3d508a93f3eb2e6214
java,humanevalfix-java-32,True,True,6,6,a51ae913e952a5b59b16d506acb1e84c2acdc681,18503a41aedb1cce255dde9eae3c2c1ad76454c3
java,humanevalfix-java-33,True,True,12,12,90680ad8fd6b31af7b675743584522eb8f3b37f7,26e0c08c3e6937e848d2e4d4b864daa80646ef62
java,humanevalfix-java-34,True,True,13,13,11d332f2f5327c6c05fb12a0a6daf5165c3b158e,a61dc179c66456e5047606bf8b819e9f21c9dcd1
java,humanevalfix-java-35,True,True,6,6,06efdfb02394b1a738daa1a17546a22a8ca2f859,531d1f8c1fb561546b97bbd0dd85cc2b18a0f8cf
java,humanevalfix-java-36,True,True,6,6,ba2d772ce920ebe3ed350937ff5ac6eaa3a91165,ab96a35eebf89279af967b5d32b0646acdef41d6
java,humanevalfix-java-37,True,True,6,6,8f43ced164bb2d612f9f59030117526127fa967d,b41ff532f0ab539c45365ca39b0cf5937fa88465
java,humanevalfix-java-38,True,True,15,15,8994f572c3115f6d1007f882e839723a9dfc41d2,50245d4312e46eec938361a5e218f602e085bda3
java,humanevalfix-java-39,True,True,6,6,cc0cc580aceb078e84c794811720cf2eaca123e1,6ba6dfdbd5e9cca0308b63399987c2fae40dadd6
java,humanevalfix-java-4,True,False,6,,e77ee2b872e3169659df45c3ac8215ba21186c08,473f8f0918dee5bd7a904bd1f4a0a1cc56a10d41
java,humanevalfix-java-40,True,True,6,6,0af85cf5544ce5dd13cf38c239dd9075a8d7782a,423a2259f78e7b118d386388eb0153ce849b093b
java,humanevalfix-java-41,True,True,4,4,3a488b2fe796c4e0b53d42c94bdcefa5f6bf7ac1,0338364970d71089c27147d7bc865a33c21f5410
java,humanevalfix-java-42,True,True,6,6,0e7484bcb36b154c75b3f879f3dad4398a51caab,c076b00c445892a6d42f8f480faafdaf869368e0
java,humanevalfix-java-43,True,True,6,6,01330551ecad52159c3b22979ff93dddd4f34f56,b2b71ffbd8c1523607f00f81f9822c2753dac018
java,humanevalfix-java-44,True,True,6,6,70c3ccb5089c8abadc92603ddb0bf10c5d872377,5f63eb445e4b90b049a6a9b33141dda98a01b2f5
java,humanevalfix-java-45,True,True,5,5,f076084fe7ffa2533e2b65b414d00b311d2c92de,a542eb1624ad46cbfa88960274797aebf9d343fe
java,humanevalfix-java-46,True,True,6,6,f9edc758050b97ad0ab3b60c8ad072a2b1c2902c,1a01c9ae7e180c1a11c0291bdc1a975854eb3b1f
java,humanevalfix-java-47,True,True,6,6,d83cd1037f7ac2c219969969b12521bca786be78,f7034a75cf3e279c204f86a17e2157521ec56825
java,humanevalfix-java-48,True,True,6,6,ae7c26832f08366d2dcfeae1508035eb1a24da1d,7206e0db9b168d5b28d50cc77f2f258c164d864b
java,humanevalfix-java-49,True,True,5,5,fe590333f707224df413a11b3c79eb680610c0fc,5f0c155ecaa330bc5e2afc7412b41c2e51582c2f
java,humanevalfix-java-5,True,True,6,6,b265db77e7e70e812a1560e66d17b749fbc14199,288d195562d5a5dbc6ea5860ca5f239f89cab458
java,humanevalfix-java-50,True,True,19,19,0ed068240343b6823ccbd4a6fe9d553e067141fe,d610aec37cc2d80f0436ef7b9a8c2ca926d736da
java,humanevalfix-java-51,True,True,6,6,72f546268aae43844f98f283978696fe39de3091,f9527547abad5d034cb4309b9d39cd2cc6b45295
java,humanevalfix-java-52,True,True,5,5,a4775fb574fa339b9d0f408e38d6ec09ca40589f,3d531614764723c46895cf90c00ae5f066241ca4
java,humanevalfix-java-53,True,True,5,5,ca43afa8db4a7fcddfa366a9725e4aa34bfe0d2a,6905824e24834105ed21896e231f6187af70efd2
java,humanevalfix-java-54,True,True,6,6,46a020c02d19b6847c1d43968476c15bb45b1b47,32c386f190e12af234e9a78b1ba4aa495d5a8140
java,humanevalfix-java-55,True,True,9,9,97e3ea710b6f92efa93aede2a9dfd168f68f88b6,4e7182b5bde48ecdf6e6b8f5d83b59bf70ffab0b
java,humanevalfix-java-56,True,True,10,10,a495458183d91b0d07019d2917a61b3465943dbc,3bef91fd0955a4823957f958db6702eb510cb59d
java,humanevalfix-java-57,True,True,5,5,dd703611a6eaf0924331b3a5277525ab51f0318b,268c2806a823438b4c7e33054529a31ce426d80a
java,humanevalfix-java-58,True,True,6,6,8e281785dd2cdb501a3ac9102f0df1ca38a86bb8,ebf140df4164a50c93e1af7c6d7c2f14e35bd13a
java,humanevalfix-java-59,True,True,6,6,441b52eb2770128fe9803d7b9530e18a5ce52864,dfc0a1fd36b1cae9bf8be443e7b1430719d5da50
java,humanevalfix-java-6,True,True,6,6,c8ea8f69dfd54ca4ccd87c4e43867bd61e3064d9,d8a9f3d96425509c07128262366eb60a653c046d
java,humanevalfix-java-60,True,True,5,5,7c80ff71ad523fc57f3717b454d41efdb2d51ccc,08549e71c0e9917be8e61e7117f076cf19632c4a
java,humanevalfix-java-61,True,True,6,6,df71fe4df45fee5538e953f5152a53e41580b35d,8a117e751b38a2ba7cffcab9bbbea002df8f70a2
java,humanevalfix-java-62,True,True,12,12,2049d27f91bd0e9ab53b6a4dbeefb7e268566810,a8b4a5063b1ba3570f41c949e50524e64bdf637f
java,humanevalfix-java-63,True,True,7,7,409a9d9be78dc1478f89916d70dd0cb6022d422a,936a56c2620d23484f0eedc2668c0bb249f4065a
java,humanevalfix-java-64,True,True,11,11,1c783e3ac9792e664c825f92cb22fb0651d928e0,7ef4204bf16f45f8b4c3b90e9f9a3ab608e16810
java,humanevalfix-java-65,True,True,6,6,4afeffb98c4e52dfa30c6eb99a41b0852859cc7f,366855222529ca1cd75d79747869317bc97a7f3d
java,humanevalfix-java-66,True,True,5,5,045a380f741b5a9fd589615d09ea2206fa418169,4e90e6d01334877190805ba5cd547def8501e2c8
java,humanevalfix-java-67,True,True,6,6,fb4f06e0003f40fcce1a0f1ffb85d5a6ff46846c,5a9b8944371c6da6af9b161928c9221677a2fae7
java,humanevalfix-java-68,True,True,6,6,54c3e6377cfe6e9a5c84639aa82134e782499d9e,2eba30f37ee940a3df1ce6c22c56a7bf93eb7a1e
java,humanevalfix-java-69,True,True,8,8,2d625e920f25843c5cfbb1f8a9a7d0051b8733ed,42ddabf0533b588a54942d288737519aa85aef95
java,humanevalfix-java-7,True,True,6,6,1bf0c9f764dfbf79cea2aaf11d4f8e4936b7f9f4,6fcf4ffebbf7b83d6e76a427e7539161ae365427
java,humanevalfix-java-70,True,True,8,8,55e75feec4ee5d620aee27f1880c02f2af4a18a3,e6a7119d25a0b4c642fdf66bbe344fc221fa88de
java,humanevalfix-java-71,True,True,6,6,36241f964e2cbce058df74787daa6a63b5bf9739,2985b2e9738f0b3acf042c2b7ee4c1ec9fb5c02a
java,humanevalfix-java-72,True,True,6,6,210ecbaaa8f1b91a64fe8506de3fb2dd9390ca95,c826bd01927e851322ef5e1a6ba1c780995a6068
java,humanevalfix-java-73,True,True,6,6,60f6e0987a8591b709a8c057e885b837534a894a,957a55a3eb8920ebe8d94e4fe0d7a5d876ec2a07
java,humanevalfix-java-74,True,True,7,7,c7ac8480d341967a4e56a98c276ac8d4b2fb0fbd,2305124dfec19b4cff07e8af3e1a9aa832e414a5
java,humanevalfix-java-75,True,True,25,25,42ddf84d25c485481cb57293556bb306d47bae81,d6f89da4107465f265f96e2644cb3db182c44877
java,humanevalfix-java-76,True,True,5,5,58dff0445ab1ed31fb61102e31a88abd0040b86c,dff7f88471256dfd1d5145330b8e584df89146a7
java,humanevalfix-java-77,True,True,6,6,9ad2d9ef9eb95a463cb7a96e76accdbf41d4b528,b9af133168ea6889c817c35f33e9f581f57966a5
java,humanevalfix-java-78,True,True,6,6,fdc8f850cc15d687fdae00e27491795fb176ccc9,b4478bbd29ac8a672968ec2313c482f8d4964d49
java,humanevalfix-java-79,True,True,6,6,4eeecf3ecff0182fe914de039de7b324aac2e51d,a45ec015d0c85922047a0edcec409fc3362a5abc
java,humanevalfix-java-8,True,False,6,,24d520c9835f31353b18069ce5dd420b95dcb113,e7687d2ded161df8f21f09dbfb687bcd5eb64a93
java,humanevalfix-java-80,True,True,6,6,159dd9b80b573e1c4cdaa3eb0b20e81c189fe1cb,7c6f28110165604182e25ff3bcc416a5bdc03bfe
java,humanevalfix-java-81,True,True,6,6,c0d03b30c9c77345fb742130571e00db905bcf9c,9f1b7a4818b8455ac2301cfca6e3a265777d995c
java,humanevalfix-java-82,True,True,11,11,d0d033a04a07160353b2c02260d813545d454e35,fc92dfcd78eb2d5584bfb23fabbae6ac2327446e
java,humanevalfix-java-83,True,False,20,,ba7cf861e9f6a5c437151b4cb590bb7a1646dda1,36215746918463171ca33eff9906f31c10bb0664
java,humanevalfix-java-84,True,True,17,17,dcc3ebcbd6bba25b43a986ae8932e3171b8ff5a5,47a4989da4bf24bed9b87188343ce7a79aa674a9
java,humanevalfix-java-85,True,True,6,6,ee315828ef26fde576de3201e21a53c9df9269f4,f1b1f8a6cb3284f380fd269158b6f0023e017895
java,humanevalfix-java-86,True,True,6,6,e7fd078a0115dff54e3c0ec23f52a763e2670bd9,2bdb9d030b9312cab347064224043279aca20018
java,humanevalfix-java-87,True,False,24,,b2647a2d1ae5e73f94b8a1b8077af91711bea6b9,48a93ba56f81c47efe2ec97abcb0d6b6fc7343e5
java,humanevalfix-java-88,True,True,10,10,9b72d4290f3e459347c1722f9f2679613bbefa4e,c239a82066ebf9673d05f95f1adcebbbe236f18b
java,humanevalfix-java-89,True,True,6,6,6f0a6c1512af7d518ac5e9fe9674855971a455c0,9963168fc51f1e387bc2357918c610597243a5d2
java,humanevalfix-java-9,True,True,10,10,dca3f2ac2311e8837f723119ad01461fdf42b4c3,453686f525fc7d89b017770bc470e244ed34ba5d
java,humanevalfix-java-90,True,True,6,6,bea6d0d523d184ad3cae68146dfe8f986ce078d6,101502604c994505e7ac361fe9e4496c29605bf7
java,humanevalfix-java-91,True,False,7,,c4cb18d43ea12e4f9739e1a5221b7f1ad8ab6aa8,4facd1d8ebd2025c3b40ae702f899cc1d58fdef3
java,humanevalfix-java-92,True,True,6,6,d0e010f2d5af9a8b9ca64d1ab249484f971acd55,7a1b4bda00a8408caf9110e69bcf280d2305c0ea
java,humanevalfix-java-93,True,True,19,19,1499d1230808bc211ebb92c4612be774820f0ed7,d319f3639d9387b7ebf8d3394aa24f1d13e67a8c
java,humanevalfix-java-94,True,True,9,9,2997c64309d247eb205517ba4043df32e1780e11,fda3677757e31fe84b16563e328e31e4f5e00a70
java,humanevalfix-java-95,True,False,24,,a55d49db215e36d57e130f7bf6bbc5b9af84d0ec,a08954bd77fe2e627d859dc9af60cefdfe93c034
java,humanevalfix-java-96,True,True,6,6,8b953b213b2d023f8915a42d868d44eb92d40883,e4a68f9cf8f516ab37ae4ab078e8702803d07ff8
java,humanevalfix-java-97,True,True,5,5,0bb94772e6305e936ef1d8e9a7a9958b50d1a125,0ef3f090db40d9cbed4cfdbb9569069b439f93ac
java,humanevalfix-java-98,True,True,6,6,848fb8076f8aeaef4e1bce1a6ec4e78a856bc6a4,5e1245019051ecddd965a36572fc532948187b7b
java,humanevalfix-java-99,True,True,10,10,c74413ca8cc4ab0e255f1e625e6d1b648ef45cfd,f7e6caa807b04e0e5f8434f566b10debf9664c4f
